<?xml version="1.0" encoding="windows-1252"?>
<Collection name="Addon Samples" guid="{4D9E4328-E862-4585-A0EA-B60DAF6F46D7}" system="No" updatable="Yes" blockNavigatorNode="No">
	<HelpLink>http://support.contensive.com/Creating-Add-ons</HelpLink>
	<Help>&lt;p&gt;This collection contains a few sample Add-ons designed to help you understand how they work.&lt;/p&gt;&lt;p&gt;You can use these samples to start your own Add-ons. Take care to change the GUID when you make changes, or updates to the sample collection will automatically over-write your changes.&lt;/p&gt;</Help>
	<Addon name="Manager Sample" guid="{0D5D83BA-9E2E-4DE2-AF40-FDE88394A363}" type="Add-on">
		<Copy></Copy>
		<CopyText></CopyText>
		<ActiveXProgramID></ActiveXProgramID>
		<DotNetClass><![CDATA[Contensive.addons.managerSample.managerClass]]></DotNetClass>
		<ArgumentList></ArgumentList>
		<AsAjax>No</AsAjax>
		<Filter>No</Filter>
		<Help></Help>
		<HelpLink></HelpLink>
		<Icon Link="" width="0" height="0" sprites="0" />
		<InIframe>No</InIframe>
		<BlockEditTools>No</BlockEditTools>
		<FormXML></FormXML>
		<IsInline>No</IsInline>
		<JavascriptOnLoad></JavascriptOnLoad>
		<JavascriptInHead></JavascriptInHead>
		<JavascriptBodyEnd></JavascriptBodyEnd>
		<MetaDescription></MetaDescription>
		<OtherHeadTags></OtherHeadTags>
		<Content>No</Content>
		<Template>No</Template>
		<Email>No</Email>
		<Admin>No</Admin>
		<OnPageEndEvent>No</OnPageEndEvent>
		<OnPageStartEvent>No</OnPageStartEvent>
		<OnBodyStart>No</OnBodyStart>
		<OnBodyEnd>No</OnBodyEnd>
		<RemoteMethod>No</RemoteMethod>
		<ProcessRunOnce>No</ProcessRunOnce>
		<ProcessInterval>0</ProcessInterval>
		<PageTitle></PageTitle>
		<RemoteAssetLink></RemoteAssetLink>
		<Styles></Styles>
		<Scripting Language="" EntryPoint="" Timeout="5000"/>
	</Addon>
	<Addon name="MultiFormAjaxVb" guid="{5D782C29-5444-4B3A-AE3B-4384706AAC3B}" type="Add-on">
		<Copy></Copy>
		<CopyText></CopyText>
		<ActiveXProgramID></ActiveXProgramID>
		<DotNetClass><![CDATA[Contensive.addons.multiFormAjaxSample.frameClass]]></DotNetClass>
		<ArgumentList></ArgumentList>
		<AsAjax>No</AsAjax>
		<Filter>No</Filter>
		<Help></Help>
		<HelpLink></HelpLink>
		<Icon Link="" width="0" height="0" sprites="0" />
		<InIframe>No</InIframe>
		<BlockEditTools>No</BlockEditTools>
		<FormXML></FormXML>
		<IsInline>No</IsInline>
		<JavascriptOnLoad></JavascriptOnLoad>
		<JavascriptInHead></JavascriptInHead>
		<JavascriptBodyEnd></JavascriptBodyEnd>
		<MetaDescription></MetaDescription>
		<OtherHeadTags></OtherHeadTags>
		<Content>Yes</Content>
		<Template>Yes</Template>
		<Email>No</Email>
		<Admin>No</Admin>
		<OnPageEndEvent>No</OnPageEndEvent>
		<OnPageStartEvent>No</OnPageStartEvent>
		<OnBodyStart>No</OnBodyStart>
		<OnBodyEnd>No</OnBodyEnd>
		<RemoteMethod>No</RemoteMethod>
		<ProcessRunOnce>No</ProcessRunOnce>
		<ProcessInterval>0</ProcessInterval>
		<PageTitle></PageTitle>
		<RemoteAssetLink></RemoteAssetLink>
		<Styles></Styles>
		<Scripting Language="" EntryPoint="" Timeout="5000"/>
	</Addon>
	<Addon name="Sample Background Process" guid="{5F4F85BA-95EB-43F9-B72D-8607A0A4E630}" type="Add-on">
		<Copy></Copy>
		<CopyText></CopyText>
		<ActiveXProgramID></ActiveXProgramID>
		<DotNetClass></DotNetClass>
		<ArgumentList></ArgumentList>
		<AsAjax>No</AsAjax>
		<Filter>No</Filter>
		<Help></Help>
		<HelpLink></HelpLink>
		<Icon Link="" width="0" height="0" sprites="0" />
		<InIframe>No</InIframe>
		<BlockEditTools>No</BlockEditTools>
		<FormXML></FormXML>
		<IsInline>No</IsInline>
		<JavascriptOnLoad></JavascriptOnLoad>
		<JavascriptInHead></JavascriptInHead>
		<JavascriptBodyEnd></JavascriptBodyEnd>
		<MetaDescription></MetaDescription>
		<OtherHeadTags></OtherHeadTags>
		<Content>No</Content>
		<Template>No</Template>
		<Email>No</Email>
		<Admin>No</Admin>
		<OnPageEndEvent>No</OnPageEndEvent>
		<OnPageStartEvent>No</OnPageStartEvent>
		<OnBodyStart>No</OnBodyStart>
		<OnBodyEnd>No</OnBodyEnd>
		<RemoteMethod>No</RemoteMethod>
		<ProcessRunOnce>No</ProcessRunOnce>
		<ProcessInterval>1</ProcessInterval>
		<PageTitle></PageTitle>
		<RemoteAssetLink></RemoteAssetLink>
		<Styles></Styles>
		<Scripting Language="" EntryPoint="" Timeout="5000">
			<Code><![CDATA[Function main()
			call cp.site.setproperty("ADMINHEADERHTML","Contensive Administration Site, Sample Process Last Ran at " & now())
End Function
]]></Code>
		</Scripting>
	</Addon>
	<Addon name="Sample Dot Net Assembly Hello World" guid="{47DC907E-12BF-4184-AA21-CF5FE3D0567B}" type="Add-on">
		<Copy></Copy>
		<CopyText></CopyText>
		<ActiveXProgramID></ActiveXProgramID>
		<DotNetClass><![CDATA[Contensive.Addons.HelloWorldClass]]></DotNetClass>
		<ArgumentList></ArgumentList>
		<AsAjax>No</AsAjax>
		<Filter>No</Filter>
		<Help><![CDATA[<p>This add-on demonstrates a simple Visual Basic 2005 Dot Net Assembly Add-on. A simple feature like this would be best implemented as a
		script. The purpose of this sample is to demonstrator how to create and
		install a Windows Assembly Add-on.<br></p><p>To create this add-on</p><ol><li>Install
		Contensive on your development PC, or download
		Contensive.Interfaces.dll and install it in your development PC's
		Global Assembly Cache (c:\Windows\Assembly)<br></li><li>Create a new windows library project and add a reference to Contensive.Interfaces.ICP41Interface</li><li>Set the base NameSpace to AddonSample<br></li><li>Paste this code into the class and compile the project. <br></li><div style="border: 1px solid rgb(136, 136, 136); padding: 20px; background-color: rgb(204, 204, 204); margin-top: 20px; margin-bottom: 20px;">Public Class HelloWorldClass<br>&nbsp;&nbsp;&nbsp; Implements Contensive.Interfaces.IAddon41Interface<br>&nbsp;&nbsp;&nbsp; Public Function Execute(ByVal CP As Contensive.Interfaces.ICP41Interface, ByVal Options As Microsoft.VisualBasic.Collection) As String Implements Interfaces.IAddon41Interface.Execute<br>&nbsp;&nbsp;&nbsp;&nbsp;&nbsp;&nbsp;&nbsp; Return "Hello World"<br>&nbsp;&nbsp;&nbsp; End Function<br>End Class<br></div><li>Copy the compiled DLL to the Contensive Add-on folder (c:\program files\kma\contensive\addons)</li><li>Log in to the site, go to the admin site and open the Navigator to Manage Add-ons &gt;&gt; Advanced &gt;&gt; click on Add-ons</li><li>Click Add to create a new add-on</li><li>Enter a name</li><li>Enter the Dot Net Class Full Name "AddonSample.HelloWorldClass"</li><li>If you want to add this add-on to a page, click the tab "Scope", and click "Place on Pages"</li><li>Hit save</li></ol>
		<p>If you have followed these instructions, this add-on is not part of
		a collection so you will find it on the Navigator under Manage Add-ons
		&gt;&gt; Other add-ons.<br></p>]]></Help>
		<HelpLink></HelpLink>
		<Icon Link="" width="0" height="0" sprites="0" />
		<InIframe>No</InIframe>
		<BlockEditTools>No</BlockEditTools>
		<FormXML></FormXML>
		<IsInline>No</IsInline>
		<JavascriptOnLoad></JavascriptOnLoad>
		<JavascriptInHead></JavascriptInHead>
		<JavascriptBodyEnd></JavascriptBodyEnd>
		<MetaDescription></MetaDescription>
		<OtherHeadTags></OtherHeadTags>
		<Content>Yes</Content>
		<Template>Yes</Template>
		<Email>No</Email>
		<Admin>Yes</Admin>
		<OnPageEndEvent>No</OnPageEndEvent>
		<OnPageStartEvent>No</OnPageStartEvent>
		<OnBodyStart>No</OnBodyStart>
		<OnBodyEnd>No</OnBodyEnd>
		<RemoteMethod>No</RemoteMethod>
		<ProcessRunOnce>No</ProcessRunOnce>
		<ProcessInterval>0</ProcessInterval>
		<PageTitle></PageTitle>
		<RemoteAssetLink></RemoteAssetLink>
		<Styles></Styles>
		<Scripting Language="" EntryPoint="" Timeout="5000"/>
	</Addon>
	<Addon name="Sample Dot Net Assembly List Group Members" guid="{295150A2-FB31-4677-82F4-80CBA9E53449}" type="Add-on">
		<Copy></Copy>
		<CopyText></CopyText>
		<ActiveXProgramID></ActiveXProgramID>
		<DotNetClass><![CDATA[Contensive.Addons.GroupMembersClass]]></DotNetClass>
		<ArgumentList><![CDATA[group=[list(groups)]]]></ArgumentList>
		<AsAjax>No</AsAjax>
		<Filter>No</Filter>
		<Help><![CDATA[<p>This add-on demonstrates a simple Visual Basic 2005 Dot Net Assembly
		Add-on. A simple feature like this would be best implemented as a
		script. The purpose of this sample is to demonstrator how to create and
		install a Windows Assembly Add-on.<br></p><p>To create this add-on, see the Sample Dot Net Assembly Hello World Add-on. Make these changes<br></p><ol><li>Paste this code into the class and compile the project. <br></li><div style="border: 1px solid rgb(136, 136, 136); padding: 20px; background-color: rgb(204, 204, 204); margin-top: 20px; margin-bottom: 20px;">&nbsp;&nbsp;&nbsp; Public Class GroupMembersClass<br>&nbsp;&nbsp;&nbsp;&nbsp;&nbsp;&nbsp;&nbsp; Implements Contensive.Interfaces.IAddon41Interface<br>&nbsp;&nbsp;&nbsp;&nbsp;&nbsp;&nbsp;&nbsp; '<br>&nbsp;&nbsp;&nbsp;&nbsp;&nbsp;&nbsp;&nbsp; Public Function Execute(ByVal CP As ICP41Interface, ByVal Options As Microsoft.VisualBasic.Collection) As String Implements IAddon41Interface.Execute<br>&nbsp;&nbsp;&nbsp;&nbsp;&nbsp;&nbsp;&nbsp;&nbsp;&nbsp;&nbsp;&nbsp; '<br>&nbsp;&nbsp;&nbsp;&nbsp;&nbsp;&nbsp;&nbsp;&nbsp;&nbsp;&nbsp;&nbsp; Dim CS As ICP41CSInterface<br>&nbsp;&nbsp;&nbsp;&nbsp;&nbsp;&nbsp;&nbsp;&nbsp;&nbsp;&nbsp;&nbsp; Dim s As String = ""<br>&nbsp;&nbsp;&nbsp;&nbsp;&nbsp;&nbsp;&nbsp;&nbsp;&nbsp;&nbsp;&nbsp; Dim List As String = ""<br>&nbsp;&nbsp;&nbsp;&nbsp;&nbsp;&nbsp;&nbsp;&nbsp;&nbsp;&nbsp;&nbsp; Dim GroupName As String = ""<br>&nbsp;&nbsp;&nbsp;&nbsp;&nbsp;&nbsp;&nbsp;&nbsp;&nbsp;&nbsp;&nbsp; '<br>&nbsp;&nbsp;&nbsp;&nbsp;&nbsp;&nbsp;&nbsp;&nbsp;&nbsp;&nbsp;&nbsp; ' Get the name of the group<br>&nbsp;&nbsp;&nbsp;&nbsp;&nbsp;&nbsp;&nbsp;&nbsp;&nbsp;&nbsp;&nbsp; '<br>&nbsp;&nbsp;&nbsp;&nbsp;&nbsp;&nbsp;&nbsp;&nbsp;&nbsp;&nbsp;&nbsp; Try<br>&nbsp;&nbsp;&nbsp;&nbsp;&nbsp;&nbsp;&nbsp;&nbsp;&nbsp;&nbsp;&nbsp;&nbsp;&nbsp;&nbsp;&nbsp; GroupName = Options("Group")<br>&nbsp;&nbsp;&nbsp;&nbsp;&nbsp;&nbsp;&nbsp;&nbsp;&nbsp;&nbsp;&nbsp; Catch ex As Exception<br>&nbsp;&nbsp;&nbsp;&nbsp;&nbsp;&nbsp;&nbsp;&nbsp;&nbsp;&nbsp;&nbsp; End Try<br>&nbsp;&nbsp;&nbsp;&nbsp;&nbsp;&nbsp;&nbsp;&nbsp;&nbsp;&nbsp;&nbsp; If GroupName = "" Then<br>&nbsp;&nbsp;&nbsp;&nbsp;&nbsp;&nbsp;&nbsp;&nbsp;&nbsp;&nbsp;&nbsp;&nbsp;&nbsp;&nbsp;&nbsp; GroupName = "Test Group"<br>&nbsp;&nbsp;&nbsp;&nbsp;&nbsp;&nbsp;&nbsp;&nbsp;&nbsp;&nbsp;&nbsp; End If<br>&nbsp;&nbsp;&nbsp;&nbsp;&nbsp;&nbsp;&nbsp;&nbsp;&nbsp;&nbsp;&nbsp; '<br>&nbsp;&nbsp;&nbsp;&nbsp;&nbsp;&nbsp;&nbsp;&nbsp;&nbsp;&nbsp;&nbsp; ' Open ContentSet with list of group members<br>&nbsp;&nbsp;&nbsp;&nbsp;&nbsp;&nbsp;&nbsp;&nbsp;&nbsp;&nbsp;&nbsp; '<br>&nbsp;&nbsp;&nbsp;&nbsp;&nbsp;&nbsp;&nbsp;&nbsp;&nbsp;&nbsp;&nbsp; CS = CP.CSNew<br>&nbsp;&nbsp;&nbsp;&nbsp;&nbsp;&nbsp;&nbsp;&nbsp;&nbsp;&nbsp;&nbsp; If Not CS.OpenGroupUsers(GroupName) Then<br>&nbsp;&nbsp;&nbsp;&nbsp;&nbsp;&nbsp;&nbsp;&nbsp;&nbsp;&nbsp;&nbsp;&nbsp;&nbsp;&nbsp;&nbsp; '<br>&nbsp;&nbsp;&nbsp;&nbsp;&nbsp;&nbsp;&nbsp;&nbsp;&nbsp;&nbsp;&nbsp;&nbsp;&nbsp;&nbsp;&nbsp; ' No uses in the group, output a message<br>&nbsp;&nbsp;&nbsp;&nbsp;&nbsp;&nbsp;&nbsp;&nbsp;&nbsp;&nbsp;&nbsp;&nbsp;&nbsp;&nbsp;&nbsp; '<br>&nbsp;&nbsp;&nbsp;&nbsp;&nbsp;&nbsp;&nbsp;&nbsp;&nbsp;&nbsp;&nbsp;&nbsp;&nbsp;&nbsp;&nbsp; s = CP.Html.p(GroupName &amp; " has no members")<br>&nbsp;&nbsp;&nbsp;&nbsp;&nbsp;&nbsp;&nbsp;&nbsp;&nbsp;&nbsp;&nbsp; Else<br>&nbsp;&nbsp;&nbsp;&nbsp;&nbsp;&nbsp;&nbsp;&nbsp;&nbsp;&nbsp;&nbsp;&nbsp;&nbsp;&nbsp;&nbsp; Do While CS.OK()<br>&nbsp;&nbsp;&nbsp;&nbsp;&nbsp;&nbsp;&nbsp;&nbsp;&nbsp;&nbsp;&nbsp;&nbsp;&nbsp;&nbsp;&nbsp;&nbsp;&nbsp;&nbsp;&nbsp; List &amp;= CP.Html.li(CS.GetText("name"))<br>&nbsp;&nbsp;&nbsp;&nbsp;&nbsp;&nbsp;&nbsp;&nbsp;&nbsp;&nbsp;&nbsp;&nbsp;&nbsp;&nbsp;&nbsp;&nbsp;&nbsp;&nbsp;&nbsp; CS.GoNext()<br>&nbsp;&nbsp;&nbsp;&nbsp;&nbsp;&nbsp;&nbsp;&nbsp;&nbsp;&nbsp;&nbsp;&nbsp;&nbsp;&nbsp;&nbsp; Loop<br>&nbsp;&nbsp;&nbsp;&nbsp;&nbsp;&nbsp;&nbsp;&nbsp;&nbsp;&nbsp;&nbsp;&nbsp;&nbsp;&nbsp;&nbsp; List = CP.Html.ul(List)<br>&nbsp;&nbsp;&nbsp;&nbsp;&nbsp;&nbsp;&nbsp;&nbsp;&nbsp;&nbsp;&nbsp;&nbsp;&nbsp;&nbsp;&nbsp; s = CP.Html.p(GroupName &amp; " members") &amp; List<br>&nbsp;&nbsp;&nbsp;&nbsp;&nbsp;&nbsp;&nbsp;&nbsp;&nbsp;&nbsp;&nbsp; End If<br>&nbsp;&nbsp;&nbsp;&nbsp;&nbsp;&nbsp;&nbsp;&nbsp;&nbsp;&nbsp;&nbsp; CS.Close()<br>&nbsp;&nbsp;&nbsp;&nbsp;&nbsp;&nbsp;&nbsp;&nbsp;&nbsp;&nbsp;&nbsp; Return s<br>&nbsp;&nbsp;&nbsp;&nbsp;&nbsp;&nbsp;&nbsp; End Function<br>&nbsp;&nbsp;&nbsp; End Class<br></div><li>Enter the Dot Net Class Full Name "AddonSample.GroupMembersClass"</li></ol>
		<p>If you have followed these instructions, this add-on is not part of
		a collection so you will find it on the Navigator under Manage Add-ons
		&gt;&gt; Other add-ons.<br></p>]]></Help>
		<HelpLink></HelpLink>
		<Icon Link="" width="0" height="0" sprites="0" />
		<InIframe>No</InIframe>
		<BlockEditTools>No</BlockEditTools>
		<FormXML></FormXML>
		<IsInline>No</IsInline>
		<JavascriptOnLoad></JavascriptOnLoad>
		<JavascriptInHead></JavascriptInHead>
		<JavascriptBodyEnd></JavascriptBodyEnd>
		<MetaDescription></MetaDescription>
		<OtherHeadTags></OtherHeadTags>
		<Content>Yes</Content>
		<Template>Yes</Template>
		<Email>No</Email>
		<Admin>Yes</Admin>
		<OnPageEndEvent>No</OnPageEndEvent>
		<OnPageStartEvent>No</OnPageStartEvent>
		<OnBodyStart>No</OnBodyStart>
		<OnBodyEnd>No</OnBodyEnd>
		<RemoteMethod>No</RemoteMethod>
		<ProcessRunOnce>No</ProcessRunOnce>
		<ProcessInterval>0</ProcessInterval>
		<PageTitle></PageTitle>
		<RemoteAssetLink></RemoteAssetLink>
		<Styles></Styles>
		<Scripting Language="" EntryPoint="" Timeout="5000"/>
	</Addon>
	<Addon name="Sample Javascript Add Group User" guid="{583363C6-C440-424A-A08B-E264B7D984C4}" type="Add-on">
		<Copy></Copy>
		<CopyText></CopyText>
		<ActiveXProgramID></ActiveXProgramID>
		<DotNetClass></DotNetClass>
		<ArgumentList><![CDATA[group=[list(groups)]]]></ArgumentList>
		<AsAjax>No</AsAjax>
		<Filter>No</Filter>
		<Help><![CDATA[<p>This add-on demonstrates a simple javascript script add-on. This javascript (actually jscript) runs on the server, and has access to all Contensive server resources such as the site database, the user account, etc.<br></p><p>When a content manager drops this add-on on a page, it displays the output of the code you write in the add-on.<br></p><p>To create this add-on</p><ol><li>Log in to the site, go to the admin site</li><li>Navigate to Manage Add-ons &gt;&gt; Advanced &gt;&gt; click on Add-ons</li><li>Click add to create a new add-on.</li><li>Add a name</li><li>Go
				to the Scripting Tab, select JScript and paste this code into the
				Scripting Code box. Since this is the only function in the code module,
				you do not need to include the entry point. If you did, it would be
				"HelloWorld".<br><div style="border: 1px solid rgb(136, 136, 136); padding: 20px; background-color: rgb(204, 204, 204); margin-top: 20px; margin-bottom: 20px;">'<br>' The cp object interfaces with Contensive<br>' See Support.Contensive.com/Learning-Center for more details<br>'<br>
				 helloWorld() (<br>&nbsp;&nbsp; return 'Hello World '+cp.user.name;<br>}<br></div><br></li><li>Hit save</li></ol>
				If you have followed these instructions, this add-on is not part of
				a collection so you will find it on the Navigator under Manage Add-ons
				&gt;&gt; Other add-ons.]]></Help>
		<HelpLink></HelpLink>
		<Icon Link="" width="0" height="0" sprites="0" />
		<InIframe>No</InIframe>
		<BlockEditTools>No</BlockEditTools>
		<FormXML></FormXML>
		<IsInline>No</IsInline>
		<JavascriptOnLoad></JavascriptOnLoad>
		<JavascriptInHead></JavascriptInHead>
		<JavascriptBodyEnd></JavascriptBodyEnd>
		<MetaDescription></MetaDescription>
		<OtherHeadTags></OtherHeadTags>
		<Content>Yes</Content>
		<Template>Yes</Template>
		<Email>No</Email>
		<Admin>Yes</Admin>
		<OnPageEndEvent>No</OnPageEndEvent>
		<OnPageStartEvent>No</OnPageStartEvent>
		<OnBodyStart>No</OnBodyStart>
		<OnBodyEnd>No</OnBodyEnd>
		<RemoteMethod>No</RemoteMethod>
		<ProcessRunOnce>No</ProcessRunOnce>
		<ProcessInterval>0</ProcessInterval>
		<PageTitle></PageTitle>
		<RemoteAssetLink></RemoteAssetLink>
		<Styles></Styles>
		<Scripting Language="JScript" EntryPoint="helloWorld" Timeout="5000">
			<Code><![CDATA[function helloWorld() {
			return 'Hello World '+cp.user.name
		}]]></Code>
		</Scripting>
	</Addon>
	<Addon name="Sample VB Scripting Sample" guid="{70AD6171-4250-4AB4-ACB2-54C7F2ABA09F}" type="Add-on">
		<Copy></Copy>
		<CopyText><![CDATA[						]]></CopyText>
		<ActiveXProgramID></ActiveXProgramID>
		<DotNetClass></DotNetClass>
		<ArgumentList><![CDATA[		]]></ArgumentList>
		<AsAjax>No</AsAjax>
		<Filter>No</Filter>
		<Help><![CDATA[<p>This add-on demonstrates a simple Visual Basic script add-on.</p><p>When a content manager drops this add-on on a page, it displays the output of the code you write in the add-on.<br></p><p>To create this add-on</p><ol><li>Log in to the site, go to the admin site</li><li>Navigate to Manage Add-ons &gt;&gt; Advanced &gt;&gt; click on Add-ons</li><li>Click add to create a new add-on.</li><li>Add a name</li><li>Go to the Scripting Tab, select Visual Basic and paste this code into the Scripting Code box. Since this is the only function in the code module, you do not need to include the entry point. If you did, it would be "HelloWorld".<br><div style="border: 1px solid rgb(136, 136, 136); padding: 20px; background-color: rgb(204, 204, 204); margin-top: 20px; margin-bottom: 20px;">'<br>' The cp object interfaces with Contensive<br>' See Support.Contensive.com/Learning-Center for more details<br>'<br>
			 Function HelloWorld()<br>&nbsp;&nbsp; HelloWorld = "Hello World " &amp; cp.user.name<br>End Function<br></div><br></li><li>Hit save</li></ol>
			<p>If you have followed these instructions, this add-on is not part of
			a collection so you will find it on the Navigator under Manage Add-ons
			&gt;&gt; Other add-ons.<br></p>]]></Help>
		<HelpLink></HelpLink>
		<Icon Link="" width="0" height="0" sprites="0" />
		<InIframe>No</InIframe>
		<BlockEditTools>No</BlockEditTools>
		<FormXML></FormXML>
		<IsInline>No</IsInline>
		<JavascriptOnLoad></JavascriptOnLoad>
		<JavascriptInHead></JavascriptInHead>
		<JavascriptBodyEnd></JavascriptBodyEnd>
		<MetaDescription></MetaDescription>
		<OtherHeadTags></OtherHeadTags>
		<Content>Yes</Content>
		<Template>Yes</Template>
		<Email>No</Email>
		<Admin>Yes</Admin>
		<OnPageEndEvent>No</OnPageEndEvent>
		<OnPageStartEvent>No</OnPageStartEvent>
		<OnBodyStart>No</OnBodyStart>
		<OnBodyEnd>No</OnBodyEnd>
		<RemoteMethod>No</RemoteMethod>
		<ProcessRunOnce>No</ProcessRunOnce>
		<ProcessInterval>0</ProcessInterval>
		<PageTitle></PageTitle>
		<RemoteAssetLink></RemoteAssetLink>
		<Styles></Styles>
		<Scripting Language="VBScript" EntryPoint="" Timeout="5000">
			<Code><![CDATA[Function HelloWorld()
		' The cp object interfaces with Contensive
		' See Support.Contensive.com/Learning-Center for more details
		HelloWorld = "Hello World " & cp.user.name
		HelloWorld = cp.html.div( Helloworld,,"myStyle" )
End Function]]></Code>
		</Scripting>
	</Addon>
	<data>
		<record content="layouts" guid="{5101BA4C-E582-4293-9A55-0E01D64FC347}" name="MultiFormAjaxSample - Form 1">
			<field name="ACTIVE">True</field>
			<field name="SORTORDER"></field>
			<field name="Layout"><![CDATA[<b>MultiFormAjaxSample - Form 1</b>
<div>
    <input type="submit" name="button" value="Next">
</div>]]></field>
			<field name="StylesFilename"></field>
		</record>
		<record content="layouts" guid="{11475DB3-6A4D-4A77-BF3E-882112883C3A}" name="MultiFormAjaxSample - Form 2">
			<field name="ACTIVE">True</field>
			<field name="SORTORDER"></field>
			<field name="Layout"><![CDATA[<b>MultiFormAjaxSample - Form 2</b>
<div>
    <input type="submit" name="button" value="Previous">
    <input type="submit" name="button" value="Next">
</div>]]></field>
			<field name="StylesFilename"></field>
		</record>
		<record content="layouts" guid="{0D30843F-7992-483F-BA35-D8BDE12006A6}" name="MultiFormAjaxSample - Form 3">
			<field name="ACTIVE">True</field>
			<field name="SORTORDER"></field>
			<field name="Layout"><![CDATA[<b>MultiFormAjaxSample - Form 3</b>
<div>
    <input type="submit" name="button" value="Previous">
</div>]]></field>
			<field name="StylesFilename"></field>
		</record>
	</data>
	<ImportCollection name="Admin Framework">{87249F75-A065-4F2F-8DCD-FBBF2CA0DCCD}</ImportCollection>
</Collection>